{"cameraMode":{"drawMode":0,"name":"Shaded","section":"Shading Mode"},"sceneLighting":true,"audioPlay":false,"sceneViewState":{"showFog":true,"showMaterialUpdate":false,"showSkybox":true,"showFlares":true,"showImageEffects":true,"showParticleSystems":true},"in2DMode":false,"pivot":{"x":86.27137756347656,"y":-0.6767024993896484,"z":-3.8884658813476564},"rotation":{"x":0.15088708698749543,"y":0.021050430834293367,"z":-0.003213886870071292,"w":0.9883229732513428},"size":104.71106719970703,"orthographic":false}